{"0.55": 0.5337423312883436, "0.45": 0.4662576687116564, "0.5": 0.5, "0.4": 0.40865384615384615, "0.6": 0.5913461538461539, "0.65": 0.671875, "0.35": 0.328125, "0.95": 1.0, "0.05": 0.0, "0.15": 1.0, "0.85": 0.0, "0.3": 0.25, "0.7": 0.75, "0.2": 1.0, "0.8": 0.0, "0.75": 1.0, "0.25": 0.0}